{
  "mae": 6.434746991395951,
  "mse": 62.723344911183304,
  "rmse": 7.919807125882757,
  "r2": 0.26485433492545873,
  "r2_train": 0.7518051599826393,
  "mape": 45.25883022615772,
  "n_samples_train": 1600,
  "n_samples_test": 400
}